message_type	message	enc_class	enc_member	offset	path	target_kind	target_class	target_method	target_param	target_index	target_path
DEREFERENCE_NULLABLE	dereferenced expression this.eventPublisher is @Nullable	org.springframework.boot.rsocket.context.RSocketServerBootstrap	start()	1872	/home/nima/Desktop/docker/benchmarks/springboot/spring-boot-project/spring-boot/src/main/java/org/springframework/boot/rsocket/context/RSocketServerBootstrap.java	null	null	null	null	null	null
DEREFERENCE_NULLABLE	dereferenced expression address() is @Nullable	org.springframework.boot.rsocket.netty.NettyRSocketServer	start()	2185	/home/nima/Desktop/docker/benchmarks/springboot/spring-boot-project/spring-boot/src/main/java/org/springframework/boot/rsocket/netty/NettyRSocketServer.java	null	null	null	null	null	null
ASSIGN_FIELD_NULLABLE	assigning @Nullable expression to @NonNull field	org.springframework.boot.web.embedded.netty.SslServerCustomizer	SslServerCustomizer(org.springframework.boot.web.server.Ssl,org.springframework.boot.web.server.Http2,org.springframework.boot.web.server.SslStoreProvider)	2614	/home/nima/Desktop/docker/benchmarks/springboot/spring-boot-project/spring-boot/src/main/java/org/springframework/boot/web/embedded/netty/SslServerCustomizer.java	FIELD	org.springframework.boot.web.embedded.netty.SslServerCustomizer	null	ssl	null	/home/nima/Desktop/docker/benchmarks/springboot/spring-boot-project/spring-boot/src/main/java/org/springframework/boot/web/embedded/netty/SslServerCustomizer.java
DEREFERENCE_NULLABLE	dereferenced expression cause.getMessage() is @Nullable	org.springframework.boot.diagnostics.analyzer.ValidationExceptionFailureAnalyzer	analyze(java.lang.Throwable,jakarta.validation.ValidationException)	1651	/home/nima/Desktop/docker/benchmarks/springboot/spring-boot-project/spring-boot/src/main/java/org/springframework/boot/diagnostics/analyzer/ValidationExceptionFailureAnalyzer.java	null	null	null	null	null	null
DEREFERENCE_NULLABLE	dereferenced expression bindException.getMessage() is @Nullable	org.springframework.boot.web.server.PortInUseException	ifPortBindingException(java.lang.Exception,java.util.function.Consumer<java.net.BindException>)	2565	/home/nima/Desktop/docker/benchmarks/springboot/spring-boot-project/spring-boot/src/main/java/org/springframework/boot/web/server/PortInUseException.java	null	null	null	null	null	null
RETURN_NULLABLE	returning @Nullable expression from method with @NonNull return type	org.springframework.boot.context.properties.source.MutuallyExclusiveConfigurationPropertiesException	asSet(java.util.Collection<java.lang.String>)	2699	/home/nima/Desktop/docker/benchmarks/springboot/spring-boot-project/spring-boot/src/main/java/org/springframework/boot/context/properties/source/MutuallyExclusiveConfigurationPropertiesException.java	METHOD	org.springframework.boot.context.properties.source.MutuallyExclusiveConfigurationPropertiesException	asSet(java.util.Collection<java.lang.String>)	null	null	/home/nima/Desktop/docker/benchmarks/springboot/spring-boot-project/spring-boot/src/main/java/org/springframework/boot/context/properties/source/MutuallyExclusiveConfigurationPropertiesException.java
RETURN_NULLABLE	returning @Nullable expression from method with @NonNull return type	org.springframework.boot.context.properties.bind.BindException	getProperty()	2071	/home/nima/Desktop/docker/benchmarks/springboot/spring-boot-project/spring-boot/src/main/java/org/springframework/boot/context/properties/bind/BindException.java	METHOD	org.springframework.boot.context.properties.bind.BindException	getProperty()	null	null	/home/nima/Desktop/docker/benchmarks/springboot/spring-boot-project/spring-boot/src/main/java/org/springframework/boot/context/properties/bind/BindException.java
PASS_NULLABLE	passing @Nullable parameter 'value.getOrigin()' where @NonNull is required	org.springframework.boot.context.properties.source.ConfigurationProperty	of(org.springframework.boot.context.properties.source.ConfigurationPropertyName,org.springframework.boot.origin.OriginTrackedValue)	3770	/home/nima/Desktop/docker/benchmarks/springboot/spring-boot-project/spring-boot/src/main/java/org/springframework/boot/context/properties/source/ConfigurationProperty.java	PARAMETER	org.springframework.boot.context.properties.source.ConfigurationProperty	ConfigurationProperty(org.springframework.boot.context.properties.source.ConfigurationPropertyName,java.lang.Object,org.springframework.boot.origin.Origin)	origin	2	/home/nima/Desktop/docker/benchmarks/springboot/spring-boot-project/spring-boot/src/main/java/org/springframework/boot/context/properties/source/ConfigurationProperty.java
PASS_NULLABLE	passing @Nullable parameter 'name' where @NonNull is required	org.springframework.boot.context.properties.source.ConfigurationProperty	of(org.springframework.boot.context.properties.source.ConfigurationPropertySource,org.springframework.boot.context.properties.source.ConfigurationPropertyName,java.lang.Object,org.springframework.boot.origin.Origin)	4062	/home/nima/Desktop/docker/benchmarks/springboot/spring-boot-project/spring-boot/src/main/java/org/springframework/boot/context/properties/source/ConfigurationProperty.java	PARAMETER	org.springframework.boot.context.properties.source.ConfigurationProperty	ConfigurationProperty(org.springframework.boot.context.properties.source.ConfigurationPropertySource,org.springframework.boot.context.properties.source.ConfigurationPropertyName,java.lang.Object,org.springframework.boot.origin.Origin)	name	1	/home/nima/Desktop/docker/benchmarks/springboot/spring-boot-project/spring-boot/src/main/java/org/springframework/boot/context/properties/source/ConfigurationProperty.java
DEREFERENCE_NULLABLE	dereferenced expression type2 is @Nullable	org.springframework.boot.context.properties.source.ConfigurationPropertyName	compare(java.lang.String,org.springframework.boot.context.properties.source.ConfigurationPropertyName.ElementType,java.lang.String,org.springframework.boot.context.properties.source.ConfigurationPropertyName.ElementType)	10551	/home/nima/Desktop/docker/benchmarks/springboot/spring-boot-project/spring-boot/src/main/java/org/springframework/boot/context/properties/source/ConfigurationPropertyName.java	null	null	null	null	null	null
DEREFERENCE_NULLABLE	dereferenced expression type1 is @Nullable	org.springframework.boot.context.properties.source.ConfigurationPropertyName	compare(java.lang.String,org.springframework.boot.context.properties.source.ConfigurationPropertyName.ElementType,java.lang.String,org.springframework.boot.context.properties.source.ConfigurationPropertyName.ElementType)	10570	/home/nima/Desktop/docker/benchmarks/springboot/spring-boot-project/spring-boot/src/main/java/org/springframework/boot/context/properties/source/ConfigurationPropertyName.java	null	null	null	null	null	null
RETURN_NULLABLE	returning @Nullable expression from method with @NonNull return type	org.springframework.boot.context.properties.source.ConfigurationPropertyName	of(java.lang.CharSequence,boolean)	17443	/home/nima/Desktop/docker/benchmarks/springboot/spring-boot-project/spring-boot/src/main/java/org/springframework/boot/context/properties/source/ConfigurationPropertyName.java	METHOD	org.springframework.boot.context.properties.source.ConfigurationPropertyName	of(java.lang.CharSequence,boolean)	null	null	/home/nima/Desktop/docker/benchmarks/springboot/spring-boot-project/spring-boot/src/main/java/org/springframework/boot/context/properties/source/ConfigurationPropertyName.java
DEREFERENCE_NULLABLE	dereferenced expression additional is @Nullable	org.springframework.boot.context.properties.source.ConfigurationPropertyName$Elements	append(org.springframework.boot.context.properties.source.ConfigurationPropertyName.Elements)	23201	/home/nima/Desktop/docker/benchmarks/springboot/spring-boot-project/spring-boot/src/main/java/org/springframework/boot/context/properties/source/ConfigurationPropertyName.java	null	null	null	null	null	null
DEREFERENCE_NULLABLE	dereferenced expression cause is @Nullable	org.springframework.boot.diagnostics.analyzer.UnboundConfigurationPropertyFailureAnalyzer	analyzeUnboundConfigurationPropertiesException(org.springframework.boot.context.properties.bind.BindException,org.springframework.boot.context.properties.bind.UnboundConfigurationPropertiesException)	1926	/home/nima/Desktop/docker/benchmarks/springboot/spring-boot-project/spring-boot/src/main/java/org/springframework/boot/diagnostics/analyzer/UnboundConfigurationPropertyFailureAnalyzer.java	null	null	null	null	null	null
DEREFERENCE_NULLABLE	dereferenced expression cause.getMessage() is @Nullable	org.springframework.boot.diagnostics.analyzer.NoUniqueBeanDefinitionFailureAnalyzer	extractBeanNames(org.springframework.beans.factory.NoUniqueBeanDefinitionException)	3446	/home/nima/Desktop/docker/benchmarks/springboot/spring-boot-project/spring-boot/src/main/java/org/springframework/boot/diagnostics/analyzer/NoUniqueBeanDefinitionFailureAnalyzer.java	null	null	null	null	null	null
DEREFERENCE_NULLABLE	dereferenced expression message is @Nullable	org.springframework.boot.diagnostics.analyzer.NoSuchMethodFailureAnalyzer	cleanMessage(java.lang.String)	3110	/home/nima/Desktop/docker/benchmarks/springboot/spring-boot-project/spring-boot/src/main/java/org/springframework/boot/diagnostics/analyzer/NoSuchMethodFailureAnalyzer.java	null	null	null	null	null	null
DEREFERENCE_NULLABLE	dereferenced expression ((GroovyBeanDefinitionReader) this.groovyReader) is @Nullable	org.springframework.boot.BeanDefinitionLoader	load(java.lang.Class<?>)	6053	/home/nima/Desktop/docker/benchmarks/springboot/spring-boot-project/spring-boot/src/main/java/org/springframework/boot/BeanDefinitionLoader.java	null	null	null	null	null	null
METHOD_NO_INIT	initializer method does not guarantee @NonNull fields mainApplicationClass (line 195), initializers (line 219), listeners (line 221) are initialized along all control-flow paths (remember to check for exceptions or early returns).	org.springframework.boot.SpringApplication	SpringApplication(org.springframework.core.io.ResourceLoader,java.lang.Class<?>...)	10623	/home/nima/Desktop/docker/benchmarks/springboot/spring-boot-project/spring-boot/src/main/java/org/springframework/boot/SpringApplication.java	null	null	null	null	null	null
ASSIGN_FIELD_NULLABLE	assigning @Nullable expression to @NonNull field	org.springframework.boot.SpringApplication	SpringApplication(org.springframework.core.io.ResourceLoader,java.lang.Class<?>...)	11333	/home/nima/Desktop/docker/benchmarks/springboot/spring-boot-project/spring-boot/src/main/java/org/springframework/boot/SpringApplication.java	FIELD	org.springframework.boot.SpringApplication	null	mainApplicationClass	null	/home/nima/Desktop/docker/benchmarks/springboot/spring-boot-project/spring-boot/src/main/java/org/springframework/boot/SpringApplication.java
DEREFERENCE_NULLABLE	dereferenced expression context is @Nullable	org.springframework.boot.SpringApplication	run(java.lang.String...)	12722	/home/nima/Desktop/docker/benchmarks/springboot/spring-boot-project/spring-boot/src/main/java/org/springframework/boot/SpringApplication.java	null	null	null	null	null	null
WRONG_OVERRIDE_RETURN	method returns @Nullable, but superclass method org.springframework.boot.BootstrapContext.<T>get(java.lang.Class<T>) returns @NonNull	org.springframework.boot.DefaultBootstrapContext	<T>get(java.lang.Class<T>)	3005	/home/nima/Desktop/docker/benchmarks/springboot/spring-boot-project/spring-boot/src/main/java/org/springframework/boot/DefaultBootstrapContext.java	METHOD	org.springframework.boot.BootstrapContext	<T>get(java.lang.Class<T>)	null	null	/home/nima/Desktop/docker/benchmarks/springboot/spring-boot-project/spring-boot/src/main/java/org/springframework/boot/BootstrapContext.java
WRONG_OVERRIDE_RETURN	method returns @Nullable, but superclass method org.springframework.boot.BootstrapContext.<T>getOrElse(java.lang.Class<T>,T) returns @NonNull	org.springframework.boot.DefaultBootstrapContext	<T>getOrElse(java.lang.Class<T>,T)	3203	/home/nima/Desktop/docker/benchmarks/springboot/spring-boot-project/spring-boot/src/main/java/org/springframework/boot/DefaultBootstrapContext.java	METHOD	org.springframework.boot.BootstrapContext	<T>getOrElse(java.lang.Class<T>,T)	null	null	/home/nima/Desktop/docker/benchmarks/springboot/spring-boot-project/spring-boot/src/main/java/org/springframework/boot/BootstrapContext.java
DEREFERENCE_NULLABLE	enhanced-for expression sources is @Nullable	org.springframework.boot.context.properties.bind.Binder	Binder(java.lang.Iterable<org.springframework.boot.context.properties.source.ConfigurationPropertySource>,org.springframework.boot.context.properties.bind.PlaceholdersResolver,java.util.List<org.springframework.core.convert.ConversionService>,java.util.function.Consumer<org.springframework.beans.PropertyEditorRegistry>,org.springframework.boot.context.properties.bind.BindHandler,org.springframework.boot.context.properties.bind.BindConstructorProvider)	8973	/home/nima/Desktop/docker/benchmarks/springboot/spring-boot-project/spring-boot/src/main/java/org/springframework/boot/context/properties/bind/Binder.java	null	null	null	null	null	null
RETURN_NULLABLE	returning @Nullable expression from method with @NonNull return type	org.springframework.boot.context.properties.bind.BindConverter	<T>convert(java.lang.Object,org.springframework.core.ResolvableType,java.lang.annotation.Annotation...)	3849	/home/nima/Desktop/docker/benchmarks/springboot/spring-boot-project/spring-boot/src/main/java/org/springframework/boot/context/properties/bind/BindConverter.java	METHOD	org.springframework.boot.context.properties.bind.BindConverter	<T>convert(java.lang.Object,org.springframework.core.ResolvableType,java.lang.annotation.Annotation...)	null	null	/home/nima/Desktop/docker/benchmarks/springboot/spring-boot-project/spring-boot/src/main/java/org/springframework/boot/context/properties/bind/BindConverter.java
RETURN_NULLABLE	returning @Nullable expression from method with @NonNull return type	org.springframework.boot.context.properties.bind.BindResult	orElse(T)	3274	/home/nima/Desktop/docker/benchmarks/springboot/spring-boot-project/spring-boot/src/main/java/org/springframework/boot/context/properties/bind/BindResult.java	METHOD	org.springframework.boot.context.properties.bind.BindResult	orElse(T)	null	null	/home/nima/Desktop/docker/benchmarks/springboot/spring-boot-project/spring-boot/src/main/java/org/springframework/boot/context/properties/bind/BindResult.java
METHOD_NO_INIT	initializer method does not guarantee @NonNull field applicationContext (line 59) is initialized along all control-flow paths (remember to check for exceptions or early returns).	org.springframework.boot.admin.SpringApplicationAdminMXBeanRegistrar	SpringApplicationAdminMXBeanRegistrar(java.lang.String)	2548	/home/nima/Desktop/docker/benchmarks/springboot/spring-boot-project/spring-boot/src/main/java/org/springframework/boot/admin/SpringApplicationAdminMXBeanRegistrar.java	null	null	null	null	null	null
RETURN_NULLABLE	returning @Nullable expression from method with @NonNull return type	org.springframework.boot.origin.OriginTrackedResource	getOrigin()	3270	/home/nima/Desktop/docker/benchmarks/springboot/spring-boot-project/spring-boot/src/main/java/org/springframework/boot/origin/OriginTrackedResource.java	METHOD	org.springframework.boot.origin.OriginTrackedResource	getOrigin()	null	null	/home/nima/Desktop/docker/benchmarks/springboot/spring-boot-project/spring-boot/src/main/java/org/springframework/boot/origin/OriginTrackedResource.java
DEREFERENCE_NULLABLE	dereferenced expression names is @Nullable	org.springframework.boot.util.Instantiator	instantiate(java.lang.ClassLoader,java.util.Collection<java.lang.String>)	4372	/home/nima/Desktop/docker/benchmarks/springboot/spring-boot-project/spring-boot/src/main/java/org/springframework/boot/util/Instantiator.java	null	null	null	null	null	null
DEREFERENCE_NULLABLE	dereferenced expression optionsCapable is @Nullable	org.springframework.boot.r2dbc.EmbeddedDatabaseConnection	isEmbedded(io.r2dbc.spi.ConnectionFactory)	3685	/home/nima/Desktop/docker/benchmarks/springboot/spring-boot-project/spring-boot/src/main/java/org/springframework/boot/r2dbc/EmbeddedDatabaseConnection.java	null	null	null	null	null	null
WRONG_OVERRIDE_PARAM	parameter context is @NonNull, but parameter in superclass method org.springframework.boot.SpringApplicationRunListener.failed(org.springframework.context.ConfigurableApplicationContext,java.lang.Throwable) is @Nullable	org.springframework.boot.context.event.EventPublishingRunListener	failed(org.springframework.context.ConfigurableApplicationContext,java.lang.Throwable)	4302	/home/nima/Desktop/docker/benchmarks/springboot/spring-boot-project/spring-boot/src/main/java/org/springframework/boot/context/event/EventPublishingRunListener.java	PARAMETER	org.springframework.boot.context.event.EventPublishingRunListener	failed(org.springframework.context.ConfigurableApplicationContext,java.lang.Throwable)	context	0	/home/nima/Desktop/docker/benchmarks/springboot/spring-boot-project/spring-boot/src/main/java/org/springframework/boot/context/event/EventPublishingRunListener.java
RETURN_NULLABLE	returning @Nullable expression from method with @NonNull return type	org.springframework.boot.context.properties.ConfigurationPropertiesBean	create(java.lang.String,java.lang.Object,java.lang.Class<?>,java.lang.reflect.Method)	10820	/home/nima/Desktop/docker/benchmarks/springboot/spring-boot-project/spring-boot/src/main/java/org/springframework/boot/context/properties/ConfigurationPropertiesBean.java	METHOD	org.springframework.boot.context.properties.ConfigurationPropertiesBean	create(java.lang.String,java.lang.Object,java.lang.Class<?>,java.lang.reflect.Method)	null	null	/home/nima/Desktop/docker/benchmarks/springboot/spring-boot-project/spring-boot/src/main/java/org/springframework/boot/context/properties/ConfigurationPropertiesBean.java
DEREFERENCE_NULLABLE	dereferenced expression injectionPoint is @Nullable	org.springframework.boot.context.properties.NotConstructorBoundInjectionFailureAnalyzer	analyze(java.lang.Throwable,org.springframework.beans.factory.NoSuchBeanDefinitionException,java.lang.String)	2175	/home/nima/Desktop/docker/benchmarks/springboot/spring-boot-project/spring-boot/src/main/java/org/springframework/boot/context/properties/NotConstructorBoundInjectionFailureAnalyzer.java	null	null	null	null	null	null
NONNULL_FIELD_READ_BEFORE_INIT	read of @NonNull field applicationContext before initialization	org.springframework.boot.context.properties.ConfigurationPropertiesBindingPostProcessor	afterPropertiesSet()	2706	/home/nima/Desktop/docker/benchmarks/springboot/spring-boot-project/spring-boot/src/main/java/org/springframework/boot/context/properties/ConfigurationPropertiesBindingPostProcessor.java	null	null	null	null	null	null
PASS_NULLABLE	passing @Nullable parameter 'this.applicationContext' where @NonNull is required	org.springframework.boot.context.properties.ConfigurationPropertiesBinder$Factory	create()	10197	/home/nima/Desktop/docker/benchmarks/springboot/spring-boot-project/spring-boot/src/main/java/org/springframework/boot/context/properties/ConfigurationPropertiesBinder.java	PARAMETER	org.springframework.boot.context.properties.ConfigurationPropertiesBinder	ConfigurationPropertiesBinder(org.springframework.context.ApplicationContext)	applicationContext	0	/home/nima/Desktop/docker/benchmarks/springboot/spring-boot-project/spring-boot/src/main/java/org/springframework/boot/context/properties/ConfigurationPropertiesBinder.java
PASS_NULLABLE	passing @Nullable parameter 'sources' where @NonNull is required	org.springframework.boot.context.properties.bind.PropertySourcesPlaceholdersResolver	PropertySourcesPlaceholdersResolver(java.lang.Iterable<org.springframework.core.env.PropertySource<?>>)	1645	/home/nima/Desktop/docker/benchmarks/springboot/spring-boot-project/spring-boot/src/main/java/org/springframework/boot/context/properties/bind/PropertySourcesPlaceholdersResolver.java	PARAMETER	org.springframework.boot.context.properties.bind.PropertySourcesPlaceholdersResolver	PropertySourcesPlaceholdersResolver(java.lang.Iterable<org.springframework.core.env.PropertySource<?>>,org.springframework.util.PropertyPlaceholderHelper)	sources	0	/home/nima/Desktop/docker/benchmarks/springboot/spring-boot-project/spring-boot/src/main/java/org/springframework/boot/context/properties/bind/PropertySourcesPlaceholdersResolver.java
PASS_NULLABLE	passing @Nullable parameter 'name' where @NonNull is required	org.springframework.boot.context.properties.source.PrefixedConfigurationPropertySource	getPrefixedName(org.springframework.boot.context.properties.source.ConfigurationPropertyName)	1952	/home/nima/Desktop/docker/benchmarks/springboot/spring-boot-project/spring-boot/src/main/java/org/springframework/boot/context/properties/source/PrefixedConfigurationPropertySource.java	PARAMETER	org.springframework.boot.context.properties.source.ConfigurationPropertyName	append(org.springframework.boot.context.properties.source.ConfigurationPropertyName)	suffix	0	/home/nima/Desktop/docker/benchmarks/springboot/spring-boot-project/spring-boot/src/main/java/org/springframework/boot/context/properties/source/ConfigurationPropertyName.java
METHOD_NO_INIT	initializer method does not guarantee @NonNull fields mappings (line 198), descendants (line 202) are initialized along all control-flow paths (remember to check for exceptions or early returns).	org.springframework.boot.context.properties.source.SpringIterableConfigurationPropertySource$Mappings	Mappings(org.springframework.boot.context.properties.source.PropertyMapper[],boolean,boolean)	7449	/home/nima/Desktop/docker/benchmarks/springboot/spring-boot-project/spring-boot/src/main/java/org/springframework/boot/context/properties/source/SpringIterableConfigurationPropertySource.java	null	null	null	null	null	null
PASS_NULLABLE	passing @Nullable parameter 'sources' where @NonNull is required	org.springframework.boot.context.properties.source.ConfigurationPropertySources	from(java.lang.Iterable<org.springframework.core.env.PropertySource<?>>)	6788	/home/nima/Desktop/docker/benchmarks/springboot/spring-boot-project/spring-boot/src/main/java/org/springframework/boot/context/properties/source/ConfigurationPropertySources.java	PARAMETER	org.springframework.boot.context.properties.source.SpringConfigurationPropertySources	SpringConfigurationPropertySources(java.lang.Iterable<org.springframework.core.env.PropertySource<?>>)	sources	0	/home/nima/Desktop/docker/benchmarks/springboot/spring-boot-project/spring-boot/src/main/java/org/springframework/boot/context/properties/source/SpringConfigurationPropertySources.java
DEREFERENCE_NULLABLE	dereferenced expression this.bindConstructor is @Nullable	org.springframework.boot.context.properties.bind.BindableRuntimeHintsRegistrar$Processor	handleValueObjectProperties(org.springframework.aot.hint.ReflectionHints)	4875	/home/nima/Desktop/docker/benchmarks/springboot/spring-boot-project/spring-boot/src/main/java/org/springframework/boot/context/properties/bind/BindableRuntimeHintsRegistrar.java	null	null	null	null	null	null
DEREFERENCE_NULLABLE	dereferenced expression this.beanInfo is @Nullable	org.springframework.boot.context.properties.bind.BindableRuntimeHintsRegistrar$Processor	handleJavaBeanProperties(org.springframework.aot.hint.ReflectionHints)	5278	/home/nima/Desktop/docker/benchmarks/springboot/spring-boot-project/spring-boot/src/main/java/org/springframework/boot/context/properties/bind/BindableRuntimeHintsRegistrar.java	null	null	null	null	null	null
METHOD_NO_INIT	initializer method does not guarantee @NonNull fields getter (line 285), setter (line 287) are initialized along all control-flow paths (remember to check for exceptions or early returns).	org.springframework.boot.context.properties.bind.JavaBeanBinder$BeanProperty	BeanProperty(java.lang.String,org.springframework.core.ResolvableType)	9107	/home/nima/Desktop/docker/benchmarks/springboot/spring-boot-project/spring-boot/src/main/java/org/springframework/boot/context/properties/bind/JavaBeanBinder.java	null	null	null	null	null	null
RETURN_NULLABLE	returning @Nullable expression from method with @NonNull return type	org.springframework.boot.context.metrics.buffering.BufferedStartupStep	getParent()	1932	/home/nima/Desktop/docker/benchmarks/springboot/spring-boot-project/spring-boot/src/main/java/org/springframework/boot/context/metrics/buffering/BufferedStartupStep.java	METHOD	org.springframework.boot.context.metrics.buffering.BufferedStartupStep	getParent()	null	null	/home/nima/Desktop/docker/benchmarks/springboot/spring-boot-project/spring-boot/src/main/java/org/springframework/boot/context/metrics/buffering/BufferedStartupStep.java
DEREFERENCE_NULLABLE	dereferenced expression ((ListableBeanFactory) this.beanFactory) is @Nullable	org.springframework.boot.context.TypeExcludeFilter	getDelegates()	3087	/home/nima/Desktop/docker/benchmarks/springboot/spring-boot-project/spring-boot/src/main/java/org/springframework/boot/context/TypeExcludeFilter.java	null	null	null	null	null	null
DEREFERENCE_NULLABLE	dereferenced expression this.loggingSystem is @Nullable	org.springframework.boot.context.logging.LoggingApplicationListener	onApplicationStartingEvent(org.springframework.boot.context.event.ApplicationStartingEvent)	9728	/home/nima/Desktop/docker/benchmarks/springboot/spring-boot-project/spring-boot/src/main/java/org/springframework/boot/context/logging/LoggingApplicationListener.java	null	null	null	null	null	null
PASS_NULLABLE	passing @Nullable parameter 'this.loggingSystem' where @NonNull is required	org.springframework.boot.context.logging.LoggingApplicationListener	initialize(org.springframework.core.env.ConfigurableEnvironment,java.lang.ClassLoader)	12112	/home/nima/Desktop/docker/benchmarks/springboot/spring-boot-project/spring-boot/src/main/java/org/springframework/boot/context/logging/LoggingApplicationListener.java	PARAMETER	org.springframework.boot.context.logging.LoggingApplicationListener	initializeSystem(org.springframework.core.env.ConfigurableEnvironment,org.springframework.boot.logging.LoggingSystem,org.springframework.boot.logging.LogFile)	system	1	/home/nima/Desktop/docker/benchmarks/springboot/spring-boot-project/spring-boot/src/main/java/org/springframework/boot/context/logging/LoggingApplicationListener.java
DEREFERENCE_NULLABLE	dereferenced expression system is @Nullable	org.springframework.boot.context.logging.LoggingApplicationListener	getLogLevelConfigurer(org.springframework.boot.logging.LoggingSystem)	16713	/home/nima/Desktop/docker/benchmarks/springboot/spring-boot-project/spring-boot/src/main/java/org/springframework/boot/context/logging/LoggingApplicationListener.java	null	null	null	null	null	null
DEREFERENCE_NULLABLE	dereferenced expression loggingSystem is @Nullable	org.springframework.boot.context.logging.LoggingApplicationListener	registerShutdownHookIfNecessary(org.springframework.core.env.Environment,org.springframework.boot.logging.LoggingSystem)	17116	/home/nima/Desktop/docker/benchmarks/springboot/spring-boot-project/spring-boot/src/main/java/org/springframework/boot/context/logging/LoggingApplicationListener.java	null	null	null	null	null	null
DEREFERENCE_NULLABLE	dereferenced expression of(values[i]) is @Nullable	org.springframework.boot.context.config.ConfigDataLocation	split(java.lang.String)	3875	/home/nima/Desktop/docker/benchmarks/springboot/spring-boot-project/spring-boot/src/main/java/org/springframework/boot/context/config/ConfigDataLocation.java	null	null	null	null	null	null
PASS_NULLABLE	passing @Nullable parameter 'activationContext' where @NonNull is required	org.springframework.boot.context.config.ConfigDataEnvironmentContributor	isActive(org.springframework.boot.context.config.ConfigDataActivationContext)	5036	/home/nima/Desktop/docker/benchmarks/springboot/spring-boot-project/spring-boot/src/main/java/org/springframework/boot/context/config/ConfigDataEnvironmentContributor.java	PARAMETER	org.springframework.boot.context.config.ConfigDataProperties	isActive(org.springframework.boot.context.config.ConfigDataActivationContext)	activationContext	0	/home/nima/Desktop/docker/benchmarks/springboot/spring-boot-project/spring-boot/src/main/java/org/springframework/boot/context/config/ConfigDataProperties.java
DEREFERENCE_NULLABLE	dereferenced expression before is @Nullable	org.springframework.boot.context.config.ConfigDataEnvironmentContributor	moveProfileSpecific(java.util.Map<org.springframework.boot.context.config.ConfigDataEnvironmentContributor.ImportPhase,java.util.List<org.springframework.boot.context.config.ConfigDataEnvironmentContributor>>)	10442	/home/nima/Desktop/docker/benchmarks/springboot/spring-boot-project/spring-boot/src/main/java/org/springframework/boot/context/config/ConfigDataEnvironmentContributor.java	null	null	null	null	null	null
WRONG_OVERRIDE_RETURN	method returns @Nullable, but superclass method org.springframework.boot.context.config.ConfigDataLocationResolverContext.getParent() returns @NonNull	org.springframework.boot.context.config.ConfigDataEnvironmentContributors$ContributorConfigDataLocationResolverContext	getParent()	11844	/home/nima/Desktop/docker/benchmarks/springboot/spring-boot-project/spring-boot/src/main/java/org/springframework/boot/context/config/ConfigDataEnvironmentContributors.java	METHOD	org.springframework.boot.context.config.ConfigDataLocationResolverContext	getParent()	null	null	/home/nima/Desktop/docker/benchmarks/springboot/spring-boot-project/spring-boot/src/main/java/org/springframework/boot/context/config/ConfigDataLocationResolverContext.java
ASSIGN_FIELD_NULLABLE	assigning @Nullable expression to @NonNull field	org.springframework.boot.context.config.ConfigDataEnvironmentContributors$InactiveSourceChecker	InactiveSourceChecker(org.springframework.boot.context.config.ConfigDataActivationContext)	12300	/home/nima/Desktop/docker/benchmarks/springboot/spring-boot-project/spring-boot/src/main/java/org/springframework/boot/context/config/ConfigDataEnvironmentContributors.java	FIELD	org.springframework.boot.context.config.ConfigDataEnvironmentContributors$InactiveSourceChecker	null	activationContext	null	/home/nima/Desktop/docker/benchmarks/springboot/spring-boot-project/spring-boot/src/main/java/org/springframework/boot/context/config/ConfigDataEnvironmentContributors.java
DEREFERENCE_NULLABLE	dereferenced expression profiles is @Nullable	org.springframework.boot.context.config.ConfigDataEnvironment	applyToEnvironment(org.springframework.boot.context.config.ConfigDataEnvironmentContributors,org.springframework.boot.context.config.ConfigDataActivationContext,java.util.Set<org.springframework.boot.context.config.ConfigDataLocation>,java.util.Set<org.springframework.boot.context.config.ConfigDataLocation>)	15615	/home/nima/Desktop/docker/benchmarks/springboot/spring-boot-project/spring-boot/src/main/java/org/springframework/boot/context/config/ConfigDataEnvironment.java	null	null	null	null	null	null
RETURN_NULLABLE	returning @Nullable expression from method with @NonNull return type	org.springframework.boot.context.config.ConfigDataLoaders	<R>getLoader(org.springframework.boot.context.config.ConfigDataLoaderContext,R)	4708	/home/nima/Desktop/docker/benchmarks/springboot/spring-boot-project/spring-boot/src/main/java/org/springframework/boot/context/config/ConfigDataLoaders.java	METHOD	org.springframework.boot.context.config.ConfigDataLoaders	<R>getLoader(org.springframework.boot.context.config.ConfigDataLoaderContext,R)	null	null	/home/nima/Desktop/docker/benchmarks/springboot/spring-boot-project/spring-boot/src/main/java/org/springframework/boot/context/config/ConfigDataLoaders.java
PASS_NULLABLE	passing @Nullable parameter 'activationContext.getCloudPlatform()' where @NonNull is required	org.springframework.boot.context.config.ConfigDataProperties$Activate	isActive(org.springframework.boot.context.config.ConfigDataActivationContext)	4209	/home/nima/Desktop/docker/benchmarks/springboot/spring-boot-project/spring-boot/src/main/java/org/springframework/boot/context/config/ConfigDataProperties.java	PARAMETER	org.springframework.boot.context.config.ConfigDataProperties$Activate	isActive(org.springframework.boot.cloud.CloudPlatform)	cloudPlatform	0	/home/nima/Desktop/docker/benchmarks/springboot/spring-boot-project/spring-boot/src/main/java/org/springframework/boot/context/config/ConfigDataProperties.java
RETURN_NULLABLE	returning @Nullable expression from method with @NonNull return type	org.springframework.boot.context.config.StandardConfigDataReference	getDirectory()	2626	/home/nima/Desktop/docker/benchmarks/springboot/spring-boot-project/spring-boot/src/main/java/org/springframework/boot/context/config/StandardConfigDataReference.java	METHOD	org.springframework.boot.context.config.StandardConfigDataReference	getDirectory()	null	null	/home/nima/Desktop/docker/benchmarks/springboot/spring-boot-project/spring-boot/src/main/java/org/springframework/boot/context/config/StandardConfigDataReference.java
RETURN_NULLABLE	returning @Nullable expression from method with @NonNull return type	org.springframework.boot.context.config.StandardConfigDataReference	getProfile()	2678	/home/nima/Desktop/docker/benchmarks/springboot/spring-boot-project/spring-boot/src/main/java/org/springframework/boot/context/config/StandardConfigDataReference.java	METHOD	org.springframework.boot.context.config.StandardConfigDataReference	getProfile()	null	null	/home/nima/Desktop/docker/benchmarks/springboot/spring-boot-project/spring-boot/src/main/java/org/springframework/boot/context/config/StandardConfigDataReference.java
PASS_NULLABLE	passing @Nullable parameter 'propertySource' where @NonNull is required	org.springframework.boot.context.config.InactiveConfigDataAccessException	InactiveConfigDataAccessException(org.springframework.core.env.PropertySource<?>,org.springframework.boot.context.config.ConfigDataResource,java.lang.String,org.springframework.boot.origin.Origin)	2204	/home/nima/Desktop/docker/benchmarks/springboot/spring-boot-project/spring-boot/src/main/java/org/springframework/boot/context/config/InactiveConfigDataAccessException.java	PARAMETER	org.springframework.boot.context.config.InactiveConfigDataAccessException	getMessage(org.springframework.core.env.PropertySource<?>,org.springframework.boot.context.config.ConfigDataResource,java.lang.String,org.springframework.boot.origin.Origin)	propertySource	0	/home/nima/Desktop/docker/benchmarks/springboot/spring-boot-project/spring-boot/src/main/java/org/springframework/boot/context/config/InactiveConfigDataAccessException.java
PASS_NULLABLE	passing @Nullable parameter 'location' where @NonNull is required	org.springframework.boot.context.config.InactiveConfigDataAccessException	InactiveConfigDataAccessException(org.springframework.core.env.PropertySource<?>,org.springframework.boot.context.config.ConfigDataResource,java.lang.String,org.springframework.boot.origin.Origin)	2204	/home/nima/Desktop/docker/benchmarks/springboot/spring-boot-project/spring-boot/src/main/java/org/springframework/boot/context/config/InactiveConfigDataAccessException.java	PARAMETER	org.springframework.boot.context.config.InactiveConfigDataAccessException	getMessage(org.springframework.core.env.PropertySource<?>,org.springframework.boot.context.config.ConfigDataResource,java.lang.String,org.springframework.boot.origin.Origin)	location	1	/home/nima/Desktop/docker/benchmarks/springboot/spring-boot-project/spring-boot/src/main/java/org/springframework/boot/context/config/InactiveConfigDataAccessException.java
ASSIGN_FIELD_NULLABLE	assigning @Nullable expression to @NonNull field	org.springframework.boot.context.config.InactiveConfigDataAccessException	InactiveConfigDataAccessException(org.springframework.core.env.PropertySource<?>,org.springframework.boot.context.config.ConfigDataResource,java.lang.String,org.springframework.boot.origin.Origin)	2313	/home/nima/Desktop/docker/benchmarks/springboot/spring-boot-project/spring-boot/src/main/java/org/springframework/boot/context/config/InactiveConfigDataAccessException.java	FIELD	org.springframework.boot.context.config.InactiveConfigDataAccessException	null	location	null	/home/nima/Desktop/docker/benchmarks/springboot/spring-boot-project/spring-boot/src/main/java/org/springframework/boot/context/config/InactiveConfigDataAccessException.java
RETURN_NULLABLE	returning @Nullable expression from method with @NonNull return type	org.springframework.boot.context.config.InactiveConfigDataAccessException	getPropertySource()	3188	/home/nima/Desktop/docker/benchmarks/springboot/spring-boot-project/spring-boot/src/main/java/org/springframework/boot/context/config/InactiveConfigDataAccessException.java	METHOD	org.springframework.boot.context.config.InactiveConfigDataAccessException	getPropertySource()	null	null	/home/nima/Desktop/docker/benchmarks/springboot/spring-boot-project/spring-boot/src/main/java/org/springframework/boot/context/config/InactiveConfigDataAccessException.java
PASS_NULLABLE	passing @Nullable parameter 'location' where @NonNull is required	org.springframework.boot.context.config.InvalidConfigDataPropertyException	InvalidConfigDataPropertyException(org.springframework.boot.context.properties.source.ConfigurationProperty,boolean,org.springframework.boot.context.properties.source.ConfigurationPropertyName,org.springframework.boot.context.config.ConfigDataResource)	2976	/home/nima/Desktop/docker/benchmarks/springboot/spring-boot-project/spring-boot/src/main/java/org/springframework/boot/context/config/InvalidConfigDataPropertyException.java	PARAMETER	org.springframework.boot.context.config.InvalidConfigDataPropertyException	getMessage(org.springframework.boot.context.properties.source.ConfigurationProperty,boolean,org.springframework.boot.context.properties.source.ConfigurationPropertyName,org.springframework.boot.context.config.ConfigDataResource)	location	3	/home/nima/Desktop/docker/benchmarks/springboot/spring-boot-project/spring-boot/src/main/java/org/springframework/boot/context/config/InvalidConfigDataPropertyException.java
ASSIGN_FIELD_NULLABLE	assigning @Nullable expression to @NonNull field	org.springframework.boot.context.config.InvalidConfigDataPropertyException	InvalidConfigDataPropertyException(org.springframework.boot.context.properties.source.ConfigurationProperty,boolean,org.springframework.boot.context.properties.source.ConfigurationPropertyName,org.springframework.boot.context.config.ConfigDataResource)	3109	/home/nima/Desktop/docker/benchmarks/springboot/spring-boot-project/spring-boot/src/main/java/org/springframework/boot/context/config/InvalidConfigDataPropertyException.java	FIELD	org.springframework.boot.context.config.InvalidConfigDataPropertyException	null	location	null	/home/nima/Desktop/docker/benchmarks/springboot/spring-boot-project/spring-boot/src/main/java/org/springframework/boot/context/config/InvalidConfigDataPropertyException.java
DEREFERENCE_NULLABLE	dereferenced expression this.intValue is @Nullable	org.springframework.boot.convert.PeriodStyle$Unit	intValue(java.time.Period)	7440	/home/nima/Desktop/docker/benchmarks/springboot/spring-boot-project/spring-boot/src/main/java/org/springframework/boot/convert/PeriodStyle.java	null	null	null	null	null	null
DEREFERENCE_NULLABLE	dereferenced expression this.beanFactory is @Nullable	org.springframework.boot.web.server.WebServerFactoryCustomizerBeanPostProcessor	getWebServerFactoryCustomizerBeans()	3313	/home/nima/Desktop/docker/benchmarks/springboot/spring-boot-project/spring-boot/src/main/java/org/springframework/boot/web/server/WebServerFactoryCustomizerBeanPostProcessor.java	null	null	null	null	null	null
PASS_NULLABLE	passing @Nullable parameter 'path' where @NonNull is required	org.springframework.boot.web.server.CertificateParser	parse(java.lang.String)	2109	/home/nima/Desktop/docker/benchmarks/springboot/spring-boot-project/spring-boot/src/main/java/org/springframework/boot/web/server/CertificateParser.java	PARAMETER	org.springframework.boot.web.server.CertificateParser	readCertificates(java.lang.String,java.security.cert.CertificateFactory,java.util.function.Consumer<java.security.cert.X509Certificate>)	resource	0	/home/nima/Desktop/docker/benchmarks/springboot/spring-boot-project/spring-boot/src/main/java/org/springframework/boot/web/server/CertificateParser.java
RETURN_NULLABLE	returning @Nullable expression from method with @NonNull return type	org.springframework.boot.web.server.CertificateFileSslStoreProvider	from(org.springframework.boot.web.server.Ssl)	4291	/home/nima/Desktop/docker/benchmarks/springboot/spring-boot-project/spring-boot/src/main/java/org/springframework/boot/web/server/CertificateFileSslStoreProvider.java	METHOD	org.springframework.boot.web.server.CertificateFileSslStoreProvider	from(org.springframework.boot.web.server.Ssl)	null	null	/home/nima/Desktop/docker/benchmarks/springboot/spring-boot-project/spring-boot/src/main/java/org/springframework/boot/web/server/CertificateFileSslStoreProvider.java
METHOD_NO_INIT	initializer method does not guarantee @NonNull fields ssl (line 51), compression (line 57) are initialized along all control-flow paths (remember to check for exceptions or early returns).	org.springframework.boot.web.server.AbstractConfigurableWebServerFactory	AbstractConfigurableWebServerFactory()	1787	/home/nima/Desktop/docker/benchmarks/springboot/spring-boot-project/spring-boot/src/main/java/org/springframework/boot/web/server/AbstractConfigurableWebServerFactory.java	null	null	null	null	null	null
METHOD_NO_INIT	initializer method does not guarantee @NonNull fields ssl (line 51), compression (line 57) are initialized along all control-flow paths (remember to check for exceptions or early returns).	org.springframework.boot.web.server.AbstractConfigurableWebServerFactory	AbstractConfigurableWebServerFactory(int)	2001	/home/nima/Desktop/docker/benchmarks/springboot/spring-boot-project/spring-boot/src/main/java/org/springframework/boot/web/server/AbstractConfigurableWebServerFactory.java	null	null	null	null	null	null
DEREFERENCE_NULLABLE	dereferenced expression this.beanFactory is @Nullable	org.springframework.boot.web.server.ErrorPageRegistrarBeanPostProcessor	getRegistrars()	2670	/home/nima/Desktop/docker/benchmarks/springboot/spring-boot-project/spring-boot/src/main/java/org/springframework/boot/web/server/ErrorPageRegistrarBeanPostProcessor.java	null	null	null	null	null	null
DEREFERENCE_NULLABLE	dereferenced expression urlPatterns is @Nullable	org.springframework.boot.web.servlet.ServletComponentHandler	extractUrlPatterns(java.util.Map<java.lang.String,java.lang.Object>)	1905	/home/nima/Desktop/docker/benchmarks/springboot/spring-boot-project/spring-boot/src/main/java/org/springframework/boot/web/servlet/ServletComponentHandler.java	null	null	null	null	null	null
DEREFERENCE_NULLABLE	dereferenced expression value is @Nullable	org.springframework.boot.web.servlet.ServletComponentHandler	extractUrlPatterns(java.util.Map<java.lang.String,java.lang.Object>)	1947	/home/nima/Desktop/docker/benchmarks/springboot/spring-boot-project/spring-boot/src/main/java/org/springframework/boot/web/servlet/ServletComponentHandler.java	null	null	null	null	null	null
DEREFERENCE_NULLABLE	enhanced-for expression (AnnotationAttributes[]) attributes.get("initParams") is @Nullable	org.springframework.boot.web.servlet.ServletComponentHandler	extractInitParameters(java.util.Map<java.lang.String,java.lang.Object>)	2230	/home/nima/Desktop/docker/benchmarks/springboot/spring-boot-project/spring-boot/src/main/java/org/springframework/boot/web/servlet/ServletComponentHandler.java	null	null	null	null	null	null
METHOD_NO_INIT	initializer method does not guarantee @NonNull field applicationContext (line 58) is initialized along all control-flow paths (remember to check for exceptions or early returns).	org.springframework.boot.web.servlet.ServletComponentRegisteringPostProcessor	ServletComponentRegisteringPostProcessor(java.util.Set<java.lang.String>)	2311	/home/nima/Desktop/docker/benchmarks/springboot/spring-boot-project/spring-boot/src/main/java/org/springframework/boot/web/servlet/ServletComponentRegisteringPostProcessor.java	null	null	null	null	null	null
DEREFERENCE_NULLABLE	dereferenced expression dispatcherTypes is @Nullable	org.springframework.boot.web.servlet.WebFilterHandler	extractDispatcherTypes(java.util.Map<java.lang.String,java.lang.Object>)	2467	/home/nima/Desktop/docker/benchmarks/springboot/spring-boot-project/spring-boot/src/main/java/org/springframework/boot/web/servlet/WebFilterHandler.java	null	null	null	null	null	null
DEREFERENCE_NULLABLE	dereferenced expression this.logger is @Nullable	org.springframework.boot.web.servlet.support.SpringBootServletInitializer	createRootApplicationContext(jakarta.servlet.ServletContext)	5859	/home/nima/Desktop/docker/benchmarks/springboot/spring-boot-project/spring-boot/src/main/java/org/springframework/boot/web/servlet/support/SpringBootServletInitializer.java	null	null	null	null	null	null
DEREFERENCE_NULLABLE	dereferenced expression filter is @Nullable	org.springframework.boot.web.servlet.AbstractFilterRegistrationBean	configure(jakarta.servlet.FilterRegistration.Dynamic)	7899	/home/nima/Desktop/docker/benchmarks/springboot/spring-boot-project/spring-boot/src/main/java/org/springframework/boot/web/servlet/AbstractFilterRegistrationBean.java	null	null	null	null	null	null
DEREFERENCE_NULLABLE	dereferenced expression this.compiler is @Nullable	org.springframework.boot.web.servlet.view.MustacheView	createTemplate(org.springframework.core.io.Resource)	2732	/home/nima/Desktop/docker/benchmarks/springboot/spring-boot-project/spring-boot/src/main/java/org/springframework/boot/web/servlet/view/MustacheView.java	null	null	null	null	null	null
DEREFERENCE_NULLABLE	dereferenced expression this.connectTimeout is @Nullable	org.springframework.boot.web.client.RestTemplateBuilder$RequestFactoryCustomizer	setConnectTimeout(org.springframework.http.client.ClientHttpRequestFactory)	34455	/home/nima/Desktop/docker/benchmarks/springboot/spring-boot-project/spring-boot/src/main/java/org/springframework/boot/web/client/RestTemplateBuilder.java	null	null	null	null	null	null
DEREFERENCE_NULLABLE	dereferenced expression this.readTimeout is @Nullable	org.springframework.boot.web.client.RestTemplateBuilder$RequestFactoryCustomizer	setReadTimeout(org.springframework.http.client.ClientHttpRequestFactory)	34698	/home/nima/Desktop/docker/benchmarks/springboot/spring-boot-project/spring-boot/src/main/java/org/springframework/boot/web/client/RestTemplateBuilder.java	null	null	null	null	null	null
DEREFERENCE_NULLABLE	dereferenced expression this.shutdownThread is @Nullable	org.springframework.boot.web.embedded.netty.GracefulShutdown	abort()	2564	/home/nima/Desktop/docker/benchmarks/springboot/spring-boot-project/spring-boot/src/main/java/org/springframework/boot/web/embedded/netty/GracefulShutdown.java	null	null	null	null	null	null
METHOD_NO_INIT	initializer method does not guarantee @NonNull fields undertow (line 76), closeables (line 82) are initialized along all control-flow paths (remember to check for exceptions or early returns).	org.springframework.boot.web.embedded.undertow.UndertowWebServer	UndertowWebServer(io.undertow.Undertow.Builder,java.lang.Iterable<org.springframework.boot.web.embedded.undertow.HttpHandlerFactory>,boolean)	3360	/home/nima/Desktop/docker/benchmarks/springboot/spring-boot-project/spring-boot/src/main/java/org/springframework/boot/web/embedded/undertow/UndertowWebServer.java	null	null	null	null	null	null
PASS_NULLABLE	passing @Nullable parameter 'handler' where @NonNull is required	org.springframework.boot.web.embedded.undertow.UndertowWebServer	createHttpHandler()	5177	/home/nima/Desktop/docker/benchmarks/springboot/spring-boot-project/spring-boot/src/main/java/org/springframework/boot/web/embedded/undertow/UndertowWebServer.java	PARAMETER	org.springframework.boot.web.embedded.undertow.HttpHandlerFactory	getHandler(io.undertow.server.HttpHandler)	next	0	/home/nima/Desktop/docker/benchmarks/springboot/spring-boot-project/spring-boot/src/main/java/org/springframework/boot/web/embedded/undertow/HttpHandlerFactory.java
DEREFERENCE_NULLABLE	dereferenced expression CloseableHttpHandlerFactory.this.closeable is @Nullable	org.springframework.boot.web.embedded.undertow.UndertowWebServer$CloseableHttpHandlerFactory$1	close()	11076	/home/nima/Desktop/docker/benchmarks/springboot/spring-boot-project/spring-boot/src/main/java/org/springframework/boot/web/embedded/undertow/UndertowWebServer.java	null	null	null	null	null	null
DEREFERENCE_NULLABLE	dereferenced expression this.directory is @Nullable	org.springframework.boot.web.embedded.undertow.AccessLogHttpHandlerFactory	createAccessLogDirectoryIfNecessary()	2542	/home/nima/Desktop/docker/benchmarks/springboot/spring-boot-project/spring-boot/src/main/java/org/springframework/boot/web/embedded/undertow/AccessLogHttpHandlerFactory.java	null	null	null	null	null	null
DEREFERENCE_NULLABLE	dereferenced expression this.compiler is @Nullable	org.springframework.boot.web.reactive.result.view.MustacheView	renderInternal(java.util.Map<java.lang.String,java.lang.Object>,org.springframework.http.MediaType,org.springframework.web.server.ServerWebExchange)	3073	/home/nima/Desktop/docker/benchmarks/springboot/spring-boot-project/spring-boot/src/main/java/org/springframework/boot/web/reactive/result/view/MustacheView.java	null	null	null	null	null	null
ASSIGN_FIELD_NULLABLE	assigning @Nullable expression to @NonNull field	org.springframework.boot.logging.DeferredLog	DeferredLog()	1383	/home/nima/Desktop/docker/benchmarks/springboot/spring-boot-project/spring-boot/src/main/java/org/springframework/boot/logging/DeferredLog.java	FIELD	org.springframework.boot.logging.DeferredLog	null	destinationSupplier	null	/home/nima/Desktop/docker/benchmarks/springboot/spring-boot-project/spring-boot/src/main/java/org/springframework/boot/logging/DeferredLog.java
RETURN_NULLABLE	returning @Nullable expression from method with @NonNull return type	org.springframework.boot.logging.DeferredLog$Line	getThrowable()	7627	/home/nima/Desktop/docker/benchmarks/springboot/spring-boot-project/spring-boot/src/main/java/org/springframework/boot/logging/DeferredLog.java	METHOD	org.springframework.boot.logging.DeferredLog$Line	getThrowable()	null	null	/home/nima/Desktop/docker/benchmarks/springboot/spring-boot-project/spring-boot/src/main/java/org/springframework/boot/logging/DeferredLog.java
WRONG_OVERRIDE_PARAM	parameter logFile is @NonNull, but parameter in superclass method org.springframework.boot.logging.LoggingSystem.initialize(org.springframework.boot.logging.LoggingInitializationContext,java.lang.String,org.springframework.boot.logging.LogFile) is @Nullable	org.springframework.boot.logging.AbstractLoggingSystem	initialize(org.springframework.boot.logging.LoggingInitializationContext,java.lang.String,org.springframework.boot.logging.LogFile)	1639	/home/nima/Desktop/docker/benchmarks/springboot/spring-boot-project/spring-boot/src/main/java/org/springframework/boot/logging/AbstractLoggingSystem.java	PARAMETER	org.springframework.boot.logging.AbstractLoggingSystem	initialize(org.springframework.boot.logging.LoggingInitializationContext,java.lang.String,org.springframework.boot.logging.LogFile)	logFile	2	/home/nima/Desktop/docker/benchmarks/springboot/spring-boot-project/spring-boot/src/main/java/org/springframework/boot/logging/AbstractLoggingSystem.java
DEREFERENCE_NULLABLE	dereferenced expression type is @Nullable	org.springframework.boot.logging.logback.SpringBootJoranConfigurator$ModelWriter	instantiate(java.lang.Class<?>)	10456	/home/nima/Desktop/docker/benchmarks/springboot/spring-boot-project/spring-boot/src/main/java/org/springframework/boot/logging/logback/SpringBootJoranConfigurator.java	null	null	null	null	null	null
METHOD_NO_INIT	initializer method does not guarantee @NonNull field configuration (line 76) is initialized along all control-flow paths (remember to check for exceptions or early returns).	org.springframework.boot.logging.log4j2.SpringProfileArbiter$Builder	Builder()	2749	/home/nima/Desktop/docker/benchmarks/springboot/spring-boot-project/spring-boot/src/main/java/org/springframework/boot/logging/log4j2/SpringProfileArbiter.java	null	null	null	null	null	null
DEREFERENCE_NULLABLE	dereferenced expression logger is @Nullable	org.springframework.boot.logging.log4j2.Log4J2LoggingSystem	clearLogLevel(java.lang.String,org.apache.logging.log4j.core.config.LoggerConfig)	13982	/home/nima/Desktop/docker/benchmarks/springboot/spring-boot-project/spring-boot/src/main/java/org/springframework/boot/logging/log4j2/Log4J2LoggingSystem.java	null	null	null	null	null	null
PASS_NULLABLE	passing @Nullable parameter 'loggerName' where @NonNull is required	org.springframework.boot.logging.log4j2.Log4J2LoggingSystem	setLogLevel(java.lang.String,org.apache.logging.log4j.core.config.LoggerConfig,org.apache.logging.log4j.Level)	14206	/home/nima/Desktop/docker/benchmarks/springboot/spring-boot-project/spring-boot/src/main/java/org/springframework/boot/logging/log4j2/Log4J2LoggingSystem.java	PARAMETER	org.springframework.boot.logging.log4j2.Log4J2LoggingSystem$LevelSetLoggerConfig	LevelSetLoggerConfig(java.lang.String,org.apache.logging.log4j.Level,boolean)	name	0	/home/nima/Desktop/docker/benchmarks/springboot/spring-boot-project/spring-boot/src/main/java/org/springframework/boot/logging/log4j2/Log4J2LoggingSystem.java
PASS_NULLABLE	passing @Nullable parameter 'isRootLogger ? LogManager.ROOT_LOGGER_NAME : name' where @NonNull is required	org.springframework.boot.logging.log4j2.Log4J2LoggingSystem	getLogger(java.lang.String)	16787	/home/nima/Desktop/docker/benchmarks/springboot/spring-boot-project/spring-boot/src/main/java/org/springframework/boot/logging/log4j2/Log4J2LoggingSystem.java	PARAMETER	org.springframework.boot.logging.log4j2.Log4J2LoggingSystem	findLogger(java.lang.String)	name	0	/home/nima/Desktop/docker/benchmarks/springboot/spring-boot-project/spring-boot/src/main/java/org/springframework/boot/logging/log4j2/Log4J2LoggingSystem.java
RETURN_NULLABLE	returning @Nullable expression from method with @NonNull return type	org.springframework.boot.SpringApplicationAotProcessor	prepareApplicationContext(java.lang.Class<?>)	2176	/home/nima/Desktop/docker/benchmarks/springboot/spring-boot-project/spring-boot/src/main/java/org/springframework/boot/SpringApplicationAotProcessor.java	METHOD	org.springframework.boot.SpringApplicationAotProcessor	prepareApplicationContext(java.lang.Class<?>)	null	null	/home/nima/Desktop/docker/benchmarks/springboot/spring-boot-project/spring-boot/src/main/java/org/springframework/boot/SpringApplicationAotProcessor.java
DEREFERENCE_NULLABLE	dereferenced expression context is @Nullable	org.springframework.boot.SpringApplicationAotProcessor$AotProcessorHook	<T>run(org.springframework.util.function.ThrowingSupplier<T>)	4271	/home/nima/Desktop/docker/benchmarks/springboot/spring-boot-project/spring-boot/src/main/java/org/springframework/boot/SpringApplicationAotProcessor.java	null	null	null	null	null	null
RETURN_NULLABLE	returning @Nullable expression from method with @NonNull return type	org.springframework.boot.jdbc.DatabaseDriver	getDriverClassName()	6719	/home/nima/Desktop/docker/benchmarks/springboot/spring-boot-project/spring-boot/src/main/java/org/springframework/boot/jdbc/DatabaseDriver.java	METHOD	org.springframework.boot.jdbc.DatabaseDriver	getDriverClassName()	null	null	/home/nima/Desktop/docker/benchmarks/springboot/spring-boot-project/spring-boot/src/main/java/org/springframework/boot/jdbc/DatabaseDriver.java
DEREFERENCE_NULLABLE	dereferenced expression candidate.getType() is @Nullable	org.springframework.boot.jdbc.EmbeddedDatabaseConnection$IsEmbedded	doInConnection(java.sql.Connection)	6523	/home/nima/Desktop/docker/benchmarks/springboot/spring-boot-project/spring-boot/src/main/java/org/springframework/boot/jdbc/EmbeddedDatabaseConnection.java	null	null	null	null	null	null
PASS_NULLABLE	passing @Nullable parameter 'type' where @NonNull is required	org.springframework.boot.jdbc.DataSourceBuilder$DataSourceProperty	findSetter(java.lang.Class<?>)	10115	/home/nima/Desktop/docker/benchmarks/springboot/spring-boot-project/spring-boot/src/main/java/org/springframework/boot/jdbc/DataSourceBuilder.java	PARAMETER	org.springframework.boot.jdbc.DataSourceBuilder$DataSourceProperty	findMethod(java.lang.String,java.lang.Class<?>,java.lang.Class<?>...)	type	1	/home/nima/Desktop/docker/benchmarks/springboot/spring-boot-project/spring-boot/src/main/java/org/springframework/boot/jdbc/DataSourceBuilder.java
PASS_NULLABLE	passing @Nullable parameter 'type' where @NonNull is required	org.springframework.boot.jdbc.DataSourceBuilder$DataSourceProperty	findGetter(java.lang.Class<?>)	10226	/home/nima/Desktop/docker/benchmarks/springboot/spring-boot-project/spring-boot/src/main/java/org/springframework/boot/jdbc/DataSourceBuilder.java	PARAMETER	org.springframework.boot.jdbc.DataSourceBuilder$DataSourceProperty	findMethod(java.lang.String,java.lang.Class<?>,java.lang.Class<?>...)	type	1	/home/nima/Desktop/docker/benchmarks/springboot/spring-boot-project/spring-boot/src/main/java/org/springframework/boot/jdbc/DataSourceBuilder.java
PASS_NULLABLE	passing @Nullable parameter 'classLoader' where @NonNull is required	org.springframework.boot.jdbc.DataSourceBuilder$DataSourceProperties	<T>forType(java.lang.ClassLoader,java.lang.Class<T>)	11088	/home/nima/Desktop/docker/benchmarks/springboot/spring-boot-project/spring-boot/src/main/java/org/springframework/boot/jdbc/DataSourceBuilder.java	PARAMETER	org.springframework.boot.jdbc.DataSourceBuilder$MappedDataSourceProperties	<T>forType(java.lang.ClassLoader,java.lang.Class<T>)	classLoader	0	/home/nima/Desktop/docker/benchmarks/springboot/spring-boot-project/spring-boot/src/main/java/org/springframework/boot/jdbc/DataSourceBuilder.java
PASS_NULLABLE	passing @Nullable parameter 'dataSource' where @NonNull is required	org.springframework.boot.jdbc.DataSourceBuilder$MappedDataSourceProperty	get(T)	17482	/home/nima/Desktop/docker/benchmarks/springboot/spring-boot-project/spring-boot/src/main/java/org/springframework/boot/jdbc/DataSourceBuilder.java	PARAMETER	org.springframework.boot.jdbc.DataSourceBuilder$Getter	get(T)	instance	0	/home/nima/Desktop/docker/benchmarks/springboot/spring-boot-project/spring-boot/src/main/java/org/springframework/boot/jdbc/DataSourceBuilder.java
RETURN_NULLABLE	returning @Nullable expression from method with @NonNull return type	org.springframework.boot.jdbc.DataSourceBuilder$ReflectionDataSourceProperties	getDataSourceInstanceType()	19397	/home/nima/Desktop/docker/benchmarks/springboot/spring-boot-project/spring-boot/src/main/java/org/springframework/boot/jdbc/DataSourceBuilder.java	METHOD	org.springframework.boot.jdbc.DataSourceBuilder$ReflectionDataSourceProperties	getDataSourceInstanceType()	null	null	/home/nima/Desktop/docker/benchmarks/springboot/spring-boot-project/spring-boot/src/main/java/org/springframework/boot/jdbc/DataSourceBuilder.java
DEREFERENCE_NULLABLE	dereferenced expression cause.getMessage() is @Nullable	org.springframework.boot.liquibase.LiquibaseChangelogMissingFailureAnalyzer	analyze(java.lang.Throwable,liquibase.exception.ChangeLogParseException)	1379	/home/nima/Desktop/docker/benchmarks/springboot/spring-boot-project/spring-boot/src/main/java/org/springframework/boot/liquibase/LiquibaseChangelogMissingFailureAnalyzer.java	null	null	null	null	null	null
DEREFERENCE_NULLABLE	dereferenced expression cause.getMessage() is @Nullable	org.springframework.boot.liquibase.LiquibaseChangelogMissingFailureAnalyzer	extractChangelogPath(liquibase.exception.ChangeLogParseException)	1728	/home/nima/Desktop/docker/benchmarks/springboot/spring-boot-project/spring-boot/src/main/java/org/springframework/boot/liquibase/LiquibaseChangelogMissingFailureAnalyzer.java	null	null	null	null	null	null
DEREFERENCE_NULLABLE	dereferenced expression cause.getMessage() is @Nullable	org.springframework.boot.liquibase.LiquibaseChangelogMissingFailureAnalyzer	extractChangelogPath(liquibase.exception.ChangeLogParseException)	1760	/home/nima/Desktop/docker/benchmarks/springboot/spring-boot-project/spring-boot/src/main/java/org/springframework/boot/liquibase/LiquibaseChangelogMissingFailureAnalyzer.java	null	null	null	null	null	null
PASS_NULLABLE	passing @Nullable parameter 'environmentPrefix' where @NonNull is required	org.springframework.boot.env.SystemEnvironmentPropertySourceEnvironmentPostProcessor$OriginAwareSystemEnvironmentPropertySource	OriginAwareSystemEnvironmentPropertySource(java.lang.String,java.util.Map<java.lang.String,java.lang.Object>,java.lang.String)	3387	/home/nima/Desktop/docker/benchmarks/springboot/spring-boot-project/spring-boot/src/main/java/org/springframework/boot/env/SystemEnvironmentPropertySourceEnvironmentPostProcessor.java	PARAMETER	org.springframework.boot.env.SystemEnvironmentPropertySourceEnvironmentPostProcessor$OriginAwareSystemEnvironmentPropertySource	determinePrefix(java.lang.String)	environmentPrefix	0	/home/nima/Desktop/docker/benchmarks/springboot/spring-boot-project/spring-boot/src/main/java/org/springframework/boot/env/SystemEnvironmentPropertySourceEnvironmentPostProcessor.java
